{"cameraMode":{"drawMode":0,"name":"Shaded","section":"Shading Mode"},"sceneLighting":true,"audioPlay":false,"sceneViewState":{"m_AlwaysRefresh":false,"showFog":true,"showSkybox":true,"showFlares":true,"showImageEffects":true,"showParticleSystems":true,"showVisualEffectGraphs":true,"m_FxEnabled":true},"in2DMode":false,"pivot":{"x":-0.5904989242553711,"y":1.6695928573608399,"z":-0.4399747848510742},"rotation":{"x":-0.06969394534826279,"y":0.9075201749801636,"z":-0.1668383777141571,"w":-0.37910139560699465},"size":9.492100715637207,"orthographic":false}